{
    "vertices": [1.0, -1.0, -1.0, -1.0, -1.0, -1.0, -1.0, 1.0, -1.0, -1.0, 1.0, 1.0, -1.0, -1.0, 1.0, 0.999999, -1.000001, 1.0, 1.0, 1.0, -1.0, 1.0, 0.999999, 1.0, 0.999999, -1.000001, 1.0, 1.0, -1.0, -1.0, 0.999999, -1.000001, 1.0, -1.0, -1.0, 1.0, -1.0, -1.0, 1.0, -1.0, 1.0, 1.0, -1.0, 1.0, -1.0, 1.0, 1.0, -1.0, -1.0, 1.0, -1.0, -1.0, 1.0, 1.0, 1.0, 1.0, -1.0, 1.0, -1.0, -1.0, -1.0, 1.0, -1.0, 1.0, 0.999999, 1.0, -1.0, 1.0, 1.0, 0.999999, -1.000001, 1.0, 1.0, -1.0, -1.0, 1.0, 1.0, -1.0, 0.999999, -1.000001, 1.0, -1.0, -1.0, -1.0, 1.0, -1.0, -1.0, -1.0, -1.0, 1.0, -1.0, -1.0, -1.0, -1.0, -1.0, 1.0, -1.0, 1.0, -1.0, 1.0, 0.999999, 1.0, 1.0, 1.0, -1.0, -1.0, 1.0, 1.0],

    "normals": [0.0, 0.0, -1.0, 0.0, 0.0, -1.0, 0.0, 0.0, -1.0, 0.0, 0.0, 1.0, 0.0, 0.0, 1.0, 0.0, 0.0, 1.0, 1.0, 0.0, 0.0, 1.0, 0.0, 0.0, 1.0, 0.0, 0.0, 0.0, -1.0, 0.0, 0.0, -1.0, 0.0, 0.0, -1.0, 0.0, -0.999969, 0.0, 0.0, -0.999969, 0.0, 0.0, -1.0, 0.0, 0.0, 0.0, 1.0, 0.0, 0.0, 0.999969, 0.0, 0.0, 1.0, 0.0, 0.0, 0.0, -0.999969, 0.0, 0.0, -1.0, 0.0, 0.0, -1.0, 0.0, 0.0, 1.0, 0.0, 0.0, 1.0, 0.0, 0.0, 1.0, 1.0, 0.0, 0.0, 1.0, 0.0, 0.0, 1.0, 0.0, 0.0, 0.0, -0.999969, 0.0, 0.0, -1.0, 0.0, 0.0, -1.0, 0.0, -1.0, 0.0, 0.0, -0.999969, 0.0, 0.0, -1.0, 0.0, 0.0, 0.0, 1.0, 0.0, 0.0, 1.0, 0.0, 0.0, 1.0, 0.0],

    "colors": [1.0, 1.0, 1.0, 1.0, 1.0, 1.0, 1.0, 1.0, 1.0, 1.0, 1.0, 1.0, 1.0, 1.0, 1.0, 1.0, 1.0, 1.0, 1.0, 1.0, 1.0, 1.0, 1.0, 1.0, 1.0, 1.0, 1.0, 1.0, 1.0, 1.0, 1.0, 1.0, 1.0, 1.0, 1.0, 1.0, 1.0, 1.0, 1.0, 1.0, 1.0, 1.0, 1.0, 1.0, 1.0, 1.0, 1.0, 1.0, 1.0, 1.0, 1.0, 1.0, 1.0, 1.0, 1.0, 1.0, 1.0, 1.0, 1.0, 1.0, 1.0, 1.0, 1.0, 1.0, 1.0, 1.0, 1.0, 1.0, 1.0, 1.0, 1.0, 1.0, 1.0, 1.0, 1.0, 1.0, 1.0, 1.0, 1.0, 1.0, 1.0, 1.0, 1.0, 1.0, 1.0, 1.0, 1.0, 1.0, 1.0, 1.0, 1.0, 1.0, 1.0, 1.0, 1.0, 1.0, 1.0, 1.0, 1.0, 1.0, 1.0, 1.0, 1.0, 1.0, 1.0, 1.0, 1.0, 1.0],

    "uvs": [1.0, 0.0, 1.0, 1.0, 0.0, 1.0, 1.0, 0.0, 1.0, 1.0, 0.0, 1.0, 0.0, 0.0, 1.0, 0.0, 1.0, 1.0, 0.0, 0.0, 1.0, 0.0, 1.0, 1.0, 1.0, 0.0, 1.0, 1.0, 0.0, 1.0, 1.0, 0.0, 1.0, 1.0, 0.0, 1.0, 0.0, 0.0, 1.0, 0.0, 0.0, 1.0, 0.0, 0.0, 1.0, 0.0, 0.0, 1.0, 0.0, 1.0, 0.0, 0.0, 1.0, 1.0, 0.0, 1.0, 0.0, 0.0, 1.0, 1.0, 0.0, 0.0, 1.0, 0.0, 0.0, 1.0, 0.0, 0.0, 1.0, 0.0, 0.0, 1.0],

    "faces": [0, 1, 2, 3, 4, 5, 6, 7, 8, 9, 10, 11, 12, 13, 14, 15, 16, 17, 18, 19, 20, 21, 22, 23, 24, 25, 26, 27, 28, 29, 30, 31, 32, 33, 34, 35],

    "bones": [{
       "parent": -1,
       "name": "base",
       "bindPose": [1.0,-0.0,0.0,-0.0, -0.0,0.0,-1.0,0.0, 0.0,1.0,0.0,-0.0, -0.0,0.0,-0.0,1.0],
       "skinned": true,

       "position": [0,0,0],
       "rotation": [0,0,0,1],
       "scale": [1,1,1],

       "inheritRotation": true,
       "inheritScale": true
   }
   ,{
       "parent": 0,
       "name": "top",
       "bindPose": [1.0,-0.0,0.0,-0.0, -0.0,0.0,-1.0,0.0, 0.0,1.0,0.0,-0.0, -0.0,-1.0,-0.0,1.0],
       "skinned": true,

       "position": [0,0,0],
       "rotation": [0,0,0,1],
       "scale": [1,1,1],

       "inheritRotation": true,
       "inheritScale": true
   }
   ],

    "boneWeights": [0.857599,0.142401,0,0.84524,0.15476,0,0.857599,0.142401,0,0.137751,0.862249,0,0.143225,0.856775,0,0.137751,0.862249,0,0.84524,0.15476,0,0.143225,0.856775,0,0.137751,0.862249,0,0.857599,0.142401,0,0.137751,0.862249,0,0.143225,0.856775,0,0.143225,0.856775,0,0.137751,0.862249,0,0.857599,0.142401,0,0.84524,0.15476,0,0.857599,0.142401,0,0.137751,0.862249,0,0.84524,0.15476,0,0.857599,0.142401,0,0.857599,0.142401,0,0.143225,0.856775,0,0.137751,0.862249,0,0.137751,0.862249,0,0.857599,0.142401,0,0.84524,0.15476,0,0.137751,0.862249,0,0.84524,0.15476,0,0.857599,0.142401,0,0.143225,0.856775,0,0.84524,0.15476,0,0.143225,0.856775,0,0.857599,0.142401,0,0.143225,0.856775,0,0.84524,0.15476,0,0.137751,0.862249,0],

    "boneIndices": [0,1,0,0,1,0,0,1,0,0,1,0,0,1,0,0,1,0,0,1,0,0,1,0,0,1,0,0,1,0,0,1,0,0,1,0,0,1,0,0,1,0,0,1,0,0,1,0,0,1,0,0,1,0,0,1,0,0,1,0,0,1,0,0,1,0,0,1,0,0,1,0,0,1,0,0,1,0,0,1,0,0,1,0,0,1,0,0,1,0,0,1,0,0,1,0,0,1,0,0,1,0,0,1,0,0,1,0],

    "animations": {"ArmatureAction": [
      [[ 0,0,0, 0.259233,-0.657874,-0.657874,0.259233, 1,1,1 ],[ 0,0,1, 0.746517,-0.191061,0.0678047,0.633727, 0.432297,0.595888,0.372675 ]],
      [[ 0,0,0, 0.259233,-0.657874,-0.657874,0.259233, 1,1,1 ],[ 0,0,1, 0.746517,-0.191061,0.0678047,0.633727, 0.432297,0.595888,0.372675 ]],
      [[ 0,0,0, 0.259233,-0.657874,-0.657874,0.259233, 1,1,1 ],[ 0,0,1, 0.747188,-0.188636,0.0698602,0.633439, 0.43772,0.603363,0.37735 ]],
      [[ 0,0,0, 0.259233,-0.657874,-0.657874,0.259233, 1,1,1 ],[ 0,0,1, 0.749188,-0.181207,0.0761436,0.632522, 0.454111,0.625956,0.39148 ]],
      [[ 0,0,0, 0.259233,-0.657874,-0.657874,0.259233, 1,1,1 ],[ 0,0,1, 0.752412,-0.168508,0.0868306,0.630826, 0.481518,0.663735,0.415107 ]],
      [[ 0,0,0, 0.259233,-0.657874,-0.657874,0.259233, 1,1,1 ],[ 0,0,1, 0.75663,-0.150263,0.102072,0.628103, 0.51976,0.716448,0.448075 ]],
      [[ 0,0,0, 0.259233,-0.657874,-0.657874,0.259233, 1,1,1 ],[ 0,0,1, 0.761455,-0.126228,0.121948,0.624005, 0.568363,0.783444,0.489975 ]],
      [[ 0,0,0, 0.259233,-0.657874,-0.657874,0.259233, 1,1,1 ],[ 0,0,1, 0.76633,-0.0962763,0.146399,0.618091, 0.626502,0.863584,0.540096 ]],
      [[ 0,0,0, 0.259233,-0.657874,-0.657874,0.259233, 1,1,1 ],[ 0,0,1, 0.77053,-0.0604995,0.175154,0.609872, 0.692959,0.955191,0.597388 ]],
      [[ 0,0,0, 0.259233,-0.657874,-0.657874,0.259233, 1,1,1 ],[ 0,0,1, 0.773211,-0.0193179,0.207651,0.598877, 0.766115,1.05603,0.660454 ]],
      [[ 0,0,0, 0.259233,-0.657874,-0.657874,0.259233, 1,1,1 ],[ 0,0,1, 0.773508,0.026431,0.243004,0.584753, 0.843979,1.16336,0.727579 ]],
      [[ 0,0,0, 0.259233,-0.657874,-0.657874,0.259233, 1,1,1 ],[ 0,0,1, 0.770687,0.0754745,0.28003,0.567387, 0.924275,1.27404,0.7968 ]],
      [[ 0,0,0, 0.259233,-0.657874,-0.657874,0.259233, 1,1,1 ],[ 0,0,1, 0.764305,0.126191,0.317357,0.54699, 1.00457,1.38472,0.866022 ]],
      [[ 0,0,0, 0.259233,-0.657874,-0.657874,0.259233, 1,1,1 ],[ 0,0,1, 0.75432,0.1768,0.353607,0.524123, 1.08243,1.49205,0.933146 ]],
      [[ 0,0,0, 0.259233,-0.657874,-0.657874,0.259233, 1,1,1 ],[ 0,0,1, 0.741114,0.225609,0.387586,0.499628, 1.15559,1.59289,0.996213 ]],
      [[ 0,0,0, 0.259233,-0.657874,-0.657874,0.259233, 1,1,1 ],[ 0,0,1, 0.725399,0.27123,0.418433,0.474493, 1.22205,1.6845,1.0535 ]],
      [[ 0,0,0, 0.259233,-0.657874,-0.657874,0.259233, 1,1,1 ],[ 0,0,1, 0.708071,0.31271,0.445668,0.449699, 1.28019,1.76464,1.10363 ]],
      [[ 0,0,0, 0.259233,-0.657874,-0.657874,0.259233, 1,1,1 ],[ 0,0,1, 0.690038,0.349545,0.469162,0.426089, 1.32879,1.83163,1.14552 ]],
      [[ 0,0,0, 0.259233,-0.657874,-0.657874,0.259233, 1,1,1 ],[ 0,0,1, 0.67211,0.381613,0.489053,0.404309, 1.36703,1.88435,1.17849 ]],
      [[ 0,0,0, 0.259233,-0.657874,-0.657874,0.259233, 1,1,1 ],[ 0,0,1, 0.654929,0.409063,0.505639,0.384792, 1.39444,1.92213,1.20212 ]],
      [[ 0,0,0, 0.259233,-0.657874,-0.657874,0.259233, 1,1,1 ],[ 0,0,1, 0.638958,0.432207,0.519291,0.367785, 1.41083,1.94472,1.21625 ]],
      [[ 0,0,0, 0.259233,-0.657874,-0.657874,0.259233, 1,1,1 ],[ 0,0,1, 0.624501,0.451431,0.530395,0.353397, 1.41625,1.95219,1.22092 ]],
      [[ 0,0,0, 0.259233,-0.657874,-0.657874,0.259233, 1,1,1 ],[ 0,0,1, 0.610818,0.468517,0.540059,0.340191, 1.41625,1.95219,1.22092 ]],
      [[ 0,0,0, 0.259233,-0.657874,-0.657874,0.259233, 1,1,1 ],[ 0,0,1, 0.59706,0.484971,0.549151,0.326734, 1.41625,1.95219,1.22092 ]],
      [[ 0,0,0, 0.259233,-0.657874,-0.657874,0.259233, 1,1,1 ],[ 0,0,1, 0.583274,0.500781,0.557674,0.313064, 1.41625,1.95219,1.22092 ]],
      [[ 0,0,0, 0.259233,-0.657874,-0.657874,0.259233, 1,1,1 ],[ 0,0,1, 0.569519,0.515921,0.565625,0.299235, 1.41625,1.95219,1.22092 ]],
      [[ 0,0,0, 0.259233,-0.657874,-0.657874,0.259233, 1,1,1 ],[ 0,0,1, 0.555869,0.530353,0.572998,0.28532, 1.41625,1.95219,1.22092 ]],
      [[ 0,0,0, 0.259233,-0.657874,-0.657874,0.259233, 1,1,1 ],[ 0,0,1, 0.542416,0.54403,0.579784,0.271416, 1.41625,1.95219,1.22092 ]],
